,state,counts,felony,invcommitment,invoutpatient,danger,drugmisdemeanor,alctreatment,alcoholism,relinquishment,violent,violenth,violentpartial,dealer,dealerh,recordsall,recordsallh,recordsdealer,recordsdealerh,reportall,reportallh,reportdealer,reportdealerh,purge,residential,theft,security,inspection,ammlicense,ammrecords,permit,permith,fingerprint,training,permitlaw,registration,registrationh,defactoreg,defactoregh,ammpermit,ammrestrict,age21handgunsale,age18longgunsale,age21longgunsaled,age21longgunsale,age21handgunpossess,age18longgunpossess,age21longgunpossess,loststolen,amm18,amm21h,universal,universalh,gunshow,gunshowh,universalpermit,universalpermith,backgroundpurge,ammbackground,threedaylimit,mentalhealth,statechecks,statechecksh,waiting,waitingh,assault,onefeature,assaultlist,assaultregister,assaulttransfer,magazine,tenroundlimit,magazinepreowned,onepermonth,traffickingbackground,traffickingprohibited,traffickingprohibitedh,strawpurchase,strawpurchaseh,microstamp,gvro,gvrolawenforcement,college,collegeconcealed,elementary,opencarryh,opencarryl,opencarrypermith,opencarrypermitl,permitconcealed,mayissue,showing,ccbackground,ccbackgroundnics,ccrenewbackground,ccrevoke,nosyg,personalized,lockd,lockp,locked,lockstandards,capliability,capaccess,capuses,capunloaded,cap18,cap16,cap14,junkgun,liability,immunity,preemption,preemptionnarrow,preemptionbroad,mcdv,mcdvdating,mcdvsurrender,mcdvsurrendernoconditions,mcdvsurrenderdating,mcdvremovalallowed,mcdvremovalrequired,incidentremoval,incidentall,dvro,dvrodating,exparte,expartedating,dvrosurrender,dvrosurrendernoconditions,dvrosurrenderdating,expartesurrender,expartesurrendernoconditions,expartesurrenderdating,dvroremoval,stalking,lawtotal,population,per_counts
0,Illinois,16695,4,4,4,4,4,0,0,4,0,0,4,0,0,4,4,4,4,0,0,0,0,0,0,0,0,0,0,0,4,4,0,0,4,0,0,0,0,4,4,0,0,0,0,0,0,0,4,0,0,0,0,4,4,4,4,4,4,4,4,4,4,4,4,0,0,0,0,0,0,0,0,0,0,4,4,0,0,0,0,0,4,4,4,0,4,4,4,4,0,0,4,4,4,4,4,0,4,0,0,0,0,0,4,0,0,0,4,4,0,4,0,0,4,4,4,4,0,4,0,0,4,0,4,4,4,4,4,4,4,4,4,4,0,4,260,12835690.25,13.006702152227458
1,California,15171,4,4,0,4,0,0,4,0,4,4,4,4,4,4,4,4,4,4,4,4,4,4,0,4,4,0,0,4,3,4,4,4,0,0,0,4,4,0,4,4,4,0,0,0,0,0,1,4,4,4,4,4,4,4,4,4,0,4,4,4,4,4,4,4,4,4,4,4,4,4,1,4,4,4,4,4,4,4,2,2,4,3,0,0,4,4,4,4,4,4,4,0,4,4,4,0,4,4,0,4,4,4,4,0,4,4,4,4,0,4,0,4,4,4,4,4,4,4,0,0,4,0,4,4,4,4,4,4,4,4,4,4,4,4,412,39010157.75,3.8889870933680086
2,Florida,14197,4,0,0,0,0,0,0,0,0,0,0,0,0,0,0,0,4,0,0,0,0,0,0,0,0,0,0,0,0,0,0,0,0,0,0,0,0,0,4,0,4,0,0,0,4,0,0,0,0,0,0,0,0,0,0,0,0,0,0,0,0,0,0,0,0,0,0,0,0,0,0,0,0,4,4,0,0,0,0,0,4,4,4,4,4,4,4,4,0,0,4,0,0,4,0,0,0,0,0,0,0,0,4,0,0,4,4,0,0,0,0,0,0,0,0,0,0,0,0,0,0,0,4,0,0,0,0,0,0,0,0,0,0,0,84,20408010.75,6.956581988276344
3,Texas,12890,4,0,0,0,0,0,0,0,0,0,0,0,0,0,0,0,0,0,0,0,0,0,0,0,0,0,0,0,0,0,0,0,0,0,0,0,0,0,0,0,4,0,0,0,0,0,0,0,0,0,0,0,0,0,0,0,0,0,0,0,0,0,0,0,0,0,0,0,0,0,0,0,0,0,0,0,0,0,0,0,4,2,4,2,0,4,0,4,0,0,4,0,4,4,0,0,0,0,0,0,0,4,4,0,0,4,4,0,0,0,0,0,0,4,0,0,0,0,0,0,0,0,4,4,4,4,0,0,0,0,0,0,0,0,76,27661018.0,4.659987568064198
4,Ohio,9643,0,4,0,4,0,0,4,0,0,0,0,0,0,0,0,0,0,0,0,0,0,0,0,0,0,0,0,0,0,0,0,0,0,0,0,0,0,0,0,4,4,0,0,0,0,0,4,0,0,0,0,0,0,0,0,0,0,0,0,0,0,0,0,0,0,0,0,0,0,0,0,0,0,4,4,0,0,0,0,0,0,0,4,0,0,0,0,4,0,0,4,3,4,4,4,0,0,0,0,0,0,0,0,0,0,0,0,0,0,0,0,0,0,0,0,0,0,0,0,0,4,0,0,0,0,0,0,0,0,0,0,0,0,0,63,11628561.75,8.292513044444211
5,New York,9359,4,4,4,4,4,0,0,4,0,0,4,0,4,0,4,0,4,0,0,0,4,4,0,0,0,0,0,0,0,4,4,0,4,0,4,0,4,0,4,4,0,0,0,4,0,0,4,0,4,4,4,4,4,4,4,4,0,0,4,0,0,0,0,4,4,4,4,4,4,4,4,0,0,4,4,0,0,0,0,0,4,4,4,4,0,4,0,4,4,4,4,0,4,4,4,0,4,0,0,4,0,0,0,0,0,0,0,0,0,4,4,4,4,4,4,4,4,4,0,0,0,0,4,4,4,4,4,4,4,4,4,4,0,4,296,19632178.75,4.7671733836469885
6,Georgia,8501,4,0,0,0,0,0,0,0,0,0,0,0,0,0,0,0,0,0,0,0,0,0,0,0,0,0,0,0,0,0,0,0,0,0,0,0,0,0,0,0,0,0,0,0,0,0,0,0,0,0,0,0,0,0,0,0,0,0,0,0,0,0,0,0,0,0,0,0,0,0,0,0,0,0,0,0,0,0,0,0,0,0,0,0,0,4,0,4,0,0,4,4,4,0,0,0,0,0,0,0,0,0,0,0,0,0,0,0,0,0,0,0,0,0,0,0,0,0,0,0,0,0,0,0,0,0,0,0,0,0,0,0,0,0,24,10239486.25,8.302174340045624
7,Pennsylvania,8413,0,4,0,4,4,0,0,4,0,0,4,4,4,0,4,4,4,0,4,4,4,0,0,0,4,0,0,0,0,0,0,0,0,0,0,0,4,0,0,0,4,0,0,0,0,0,0,0,0,0,4,0,4,0,4,0,0,4,4,0,4,0,4,0,0,0,0,0,0,0,0,0,0,0,0,0,4,0,0,0,0,0,4,0,0,0,0,4,0,0,4,4,4,4,0,0,4,0,0,0,0,0,0,0,0,0,0,0,4,0,0,0,0,4,0,4,4,0,0,0,4,0,0,0,0,0,0,0,0,0,0,0,0,4,148,12785763.75,6.579974543953231
8,North Carolina,8263,4,0,0,0,0,0,0,0,0,0,0,0,0,0,0,0,4,0,0,0,0,0,0,0,0,0,0,0,0,4,0,0,4,0,0,0,0,0,0,0,0,0,0,0,0,0,0,0,0,0,0,0,0,0,4,4,0,4,0,0,4,0,0,0,0,0,0,0,0,0,0,0,0,0,0,0,0,0,0,0,4,4,4,0,0,0,0,4,0,0,4,4,4,4,0,0,0,0,0,0,0,0,4,0,4,4,4,0,0,0,0,0,0,0,0,0,0,0,0,0,0,0,4,4,4,4,4,4,4,4,4,4,0,0,120,10096888.5,8.183709268454336
9,Louisiana,7655,0,0,0,0,0,0,0,0,0,0,0,0,0,0,0,0,0,0,0,0,0,0,0,0,0,0,0,0,0,0,0,0,0,0,0,0,0,0,0,0,4,0,0,0,0,0,0,0,0,0,0,0,0,0,0,0,0,0,0,0,0,0,0,0,0,0,0,0,0,0,0,0,0,0,0,0,0,0,0,0,4,4,4,0,0,0,0,4,0,0,4,4,4,4,0,0,0,0,0,0,0,0,0,0,0,0,0,0,0,0,0,0,0,4,1,0,0,0,0,0,0,0,4,4,0,0,0,0,0,0,0,0,0,0,49,4664334.0,16.411774971517907
10,Tennessee,7241,4,4,4,4,0,0,0,0,0,0,0,0,0,0,0,4,4,0,0,4,4,0,0,0,0,0,0,0,0,0,4,0,0,0,0,0,0,0,0,0,0,0,0,0,0,0,0,0,0,0,0,0,0,0,0,0,0,0,0,0,0,0,0,0,0,0,0,0,0,0,0,0,0,0,0,0,0,0,0,0,4,2,2,0,0,4,4,4,0,0,4,0,0,4,0,0,0,0,0,0,0,0,0,0,0,0,0,0,0,0,0,0,0,4,0,4,4,0,0,0,4,0,4,0,0,0,4,4,0,0,0,0,0,0,92,6621800.5,10.935092351392948
11,South Carolina,6567,0,4,0,4,0,0,4,0,0,0,0,0,0,0,0,0,0,0,0,0,0,0,0,0,0,0,0,0,0,0,0,0,0,0,0,0,0,0,0,0,0,0,0,0,0,0,0,0,0,0,0,0,0,0,0,0,0,0,0,0,0,0,0,0,0,0,0,0,0,0,0,0,0,0,0,0,0,0,0,0,4,4,4,4,0,4,0,4,0,0,4,0,4,4,0,0,0,0,0,0,0,0,0,0,0,0,0,0,0,0,0,0,0,0,0,0,0,0,0,0,0,0,0,0,0,0,0,0,0,0,0,0,0,0,48,4923697.75,13.337536813668143
12,Missouri,6256,4,0,0,0,0,0,4,0,0,0,0,0,0,0,0,0,0,0,0,0,0,0,0,0,0,0,0,0,0,0,0,0,0,0,0,0,0,0,0,0,0,0,0,0,0,0,0,0,0,0,0,0,0,0,0,0,0,0,0,0,0,0,0,0,0,0,0,0,0,0,0,0,0,0,0,0,0,0,0,0,0,0,0,0,0,0,0,3,0,0,3,3,3,3,2,0,0,0,0,0,0,0,0,0,0,0,0,0,0,0,0,0,0,0,0,0,0,0,0,0,0,0,0,0,0,0,0,0,0,0,0,0,0,0,25,6080434.75,10.288737988677537
13,Virginia,5650,4,4,4,4,0,0,0,0,0,0,0,0,0,0,0,0,0,0,0,0,0,0,0,0,0,0,0,0,0,0,0,0,0,0,0,0,0,0,0,0,0,0,0,0,0,0,0,0,0,0,0,0,0,0,0,0,0,0,0,0,0,0,0,0,0,0,0,0,0,0,0,0,0,4,4,0,0,0,0,0,0,0,4,0,0,0,0,4,0,0,4,0,4,4,4,0,0,0,0,0,0,0,0,0,0,0,0,0,0,0,0,0,0,0,0,0,0,0,0,0,0,0,2,0,0,0,0,0,0,0,0,0,0,0,50,8386623.5,6.736918618082712
14,Massachusetts,5611,4,4,4,4,4,4,0,4,0,0,4,4,4,0,0,4,4,4,4,4,4,4,4,4,4,4,4,0,4,4,4,4,4,0,0,4,4,4,4,4,4,0,0,4,4,4,4,4,4,0,0,0,0,4,4,4,4,4,4,4,4,0,0,4,0,4,0,0,4,4,0,0,4,4,4,4,4,0,0,0,4,4,4,0,4,4,4,4,4,0,4,0,4,4,4,0,4,4,4,4,4,4,4,4,4,4,4,4,0,4,4,4,4,4,4,4,4,4,0,0,0,0,4,4,4,4,4,4,4,4,4,4,4,4,404,6810055.25,8.239287045431826
15,Indiana,5517,0,0,0,0,0,0,0,0,0,0,0,0,4,0,0,0,0,0,0,0,0,0,0,0,0,0,0,0,0,0,0,0,0,0,0,0,0,0,0,0,0,0,0,0,0,0,0,0,0,0,0,0,0,0,0,0,0,0,0,0,0,0,0,0,0,0,0,0,0,0,0,0,0,0,4,0,0,0,0,4,0,0,4,0,0,4,0,4,0,0,4,0,4,4,0,0,0,0,0,0,0,0,0,0,0,0,0,0,0,0,0,0,0,4,2,0,0,0,0,0,0,0,0,0,0,0,0,0,0,0,0,0,0,4,46,6623612.0,8.329292235112806
16,Maryland,5422,4,4,0,4,4,0,0,0,4,4,4,0,4,0,4,0,4,0,4,0,4,4,0,0,0,0,0,0,0,4,4,4,4,0,0,0,4,0,4,4,4,0,0,4,0,0,0,4,4,0,4,0,4,0,4,4,0,4,0,0,4,0,4,4,0,4,0,4,4,4,0,4,0,0,0,0,4,1,0,0,0,0,4,0,0,4,0,4,4,4,4,0,4,0,4,4,4,0,0,0,4,4,4,4,0,4,4,4,0,4,0,0,0,4,4,0,0,0,0,0,0,0,4,3,0,0,4,4,3,0,0,0,0,4,255,5992509.0,9.04796304853276
17,Michigan,5391,4,0,0,0,0,0,0,0,0,0,0,0,0,0,4,4,4,0,4,0,4,4,0,0,0,0,0,0,0,0,0,0,0,0,4,0,4,0,0,0,4,0,0,0,4,0,0,0,0,0,0,0,0,0,4,4,0,0,0,0,4,0,0,0,0,0,0,0,0,0,0,0,0,0,0,0,0,0,0,0,0,0,4,0,0,0,0,4,0,0,4,3,4,4,0,0,4,0,0,0,0,0,0,0,0,0,0,0,0,0,0,0,0,0,0,0,0,0,0,0,0,0,0,0,0,0,0,0,0,0,0,0,0,0,83,9946312.0,5.420099429818811
18,New Jersey,5149,0,4,4,4,0,0,0,0,0,0,4,4,4,0,4,0,4,0,4,0,4,4,0,0,4,0,0,0,4,4,4,0,4,0,0,0,4,0,4,4,4,0,0,4,4,0,4,0,4,0,0,0,0,4,4,4,0,0,0,4,4,0,4,4,0,4,4,0,4,0,4,4,0,0,0,0,0,0,0,0,4,4,4,0,0,4,4,4,4,4,4,4,4,4,4,4,4,4,0,0,0,4,4,0,0,4,4,0,0,4,4,4,4,4,4,1,1,1,1,0,4,4,4,4,0,0,1,1,1,0,0,0,1,4,276,8872206.5,5.803516859081221
19,Alabama,5122,0,3,0,3,0,0,4,0,0,0,0,0,4,0,0,0,1,0,0,0,1,1,0,0,1,0,0,0,0,0,0,0,0,0,0,0,0,0,0,0,0,0,0,0,0,0,0,0,0,0,0,0,0,0,0,0,0,0,0,0,0,0,0,0,0,0,0,0,0,0,0,0,0,0,0,0,0,0,0,0,0,0,0,0,0,0,0,4,0,0,4,4,4,0,0,0,0,0,0,0,0,0,0,0,0,0,0,0,0,0,0,0,0,3,0,0,0,0,0,0,0,0,3,0,0,0,0,0,0,0,0,0,0,0,40,4858039.25,10.54334832720835
20,Wisconsin,4410,4,4,4,4,0,4,0,0,0,0,0,0,0,0,0,0,0,0,0,0,0,0,0,0,0,0,0,0,0,0,0,0,0,0,0,0,0,0,0,0,4,0,0,0,4,0,0,0,0,0,0,0,0,0,0,0,0,0,0,0,0,0,1,0,0,0,0,0,0,0,0,0,0,0,0,0,0,0,0,0,0,0,4,0,0,0,0,4,0,0,4,4,4,4,4,0,0,0,0,0,0,0,4,0,0,0,4,0,0,4,0,0,0,0,0,0,0,0,0,0,0,0,4,4,0,0,4,4,4,0,0,0,0,4,93,5768819.75,7.644544622840747
21,Kentucky,3942,4,0,0,0,0,0,0,0,0,0,0,0,0,0,0,0,0,0,0,0,0,0,0,0,0,0,0,0,0,0,0,0,0,0,0,0,0,0,0,0,0,0,0,0,0,0,0,0,0,0,0,0,0,0,0,0,0,0,0,0,0,0,0,0,0,0,0,0,0,0,0,0,0,0,0,0,0,0,0,0,0,0,4,0,0,0,0,4,0,0,4,4,4,4,0,0,0,0,0,0,0,0,0,0,0,0,0,0,0,0,0,0,0,0,0,0,0,0,0,0,0,0,0,0,0,0,0,0,0,0,0,0,0,0,28,4432693.75,8.893012290776912
22,Mississippi,3326,4,0,0,0,0,0,0,0,0,0,0,0,0,0,0,0,0,0,0,0,0,0,0,0,0,0,0,0,0,0,0,0,0,0,0,0,0,0,0,0,0,0,0,0,0,0,0,0,0,0,0,0,0,0,0,0,0,0,0,0,0,0,0,0,0,0,0,0,0,0,0,0,0,0,0,0,0,0,0,0,4,0,0,0,0,0,0,1,0,0,1,0,0,1,0,0,0,0,0,0,0,0,0,0,0,0,0,0,0,0,0,0,0,0,0,0,0,0,0,0,0,0,0,0,0,0,0,0,0,0,0,0,0,0,11,2988846.75,11.128037929679733
23,Oklahoma,3246,4,0,0,0,0,0,0,0,0,0,0,0,0,0,0,0,0,0,0,0,0,0,0,0,0,0,0,0,0,0,0,0,0,0,0,0,0,0,0,0,4,0,0,0,4,0,0,0,0,0,0,0,0,0,0,0,0,0,0,0,0,0,0,0,0,0,0,0,0,0,0,0,0,0,0,0,0,0,0,0,0,0,0,0,0,4,0,4,0,0,4,0,4,4,0,0,0,0,0,0,0,0,0,0,0,0,0,0,0,0,0,0,0,0,0,0,0,0,0,0,4,0,0,0,0,0,0,0,0,0,0,0,0,0,36,3911333.5,8.2989599327186
24,Washington,3230,4,4,4,4,0,0,0,0,0,0,0,4,4,0,4,0,4,0,4,0,4,4,0,0,0,0,4,0,0,4,0,0,4,0,0,0,4,0,0,0,0,0,0,0,4,0,0,0,0,4,4,4,4,4,4,4,0,4,4,4,4,0,0,0,0,0,0,0,0,0,0,0,0,0,0,0,0,0,2,2,0,0,4,0,0,0,0,4,0,0,4,4,4,4,4,0,0,0,0,0,0,0,0,0,0,0,0,0,0,0,0,0,0,4,4,0,0,0,4,0,0,0,4,0,4,0,4,0,0,4,0,0,0,0,168,7234111.25,4.464957599318092
25,Colorado,2965,4,0,0,0,0,0,0,0,0,0,0,0,0,0,4,0,4,0,0,0,0,0,0,0,0,0,0,0,0,0,0,0,0,0,0,0,0,0,0,0,0,0,0,0,0,0,0,0,0,4,4,4,4,4,4,4,0,0,0,4,4,0,0,0,0,0,0,0,4,0,0,0,0,4,4,0,0,0,0,0,4,0,4,0,0,0,0,4,0,0,4,4,4,4,4,0,0,0,0,0,0,0,0,0,0,0,0,0,0,0,0,0,0,4,0,4,4,0,0,0,0,0,4,0,0,0,4,4,0,0,0,0,0,4,120,5487956.0,5.402740109432364
26,Connecticut,2903,4,4,4,4,4,0,0,4,4,4,4,0,4,4,4,4,4,4,4,4,4,4,0,0,4,0,0,0,4,4,4,4,4,0,0,0,0,4,4,4,4,0,0,4,4,0,4,4,4,4,4,4,4,4,4,4,4,0,4,4,4,0,0,4,4,4,4,4,4,4,0,0,0,4,4,0,0,0,0,4,0,0,4,0,0,4,0,4,4,0,4,0,4,0,4,0,4,4,0,0,0,0,4,0,0,4,4,0,4,4,4,4,4,4,4,4,4,4,0,0,0,0,4,4,2,2,4,4,4,2,2,2,0,4,342,3583271.0,8.101536277886881
27,Arkansas,2650,4,4,0,4,0,0,0,0,0,0,0,0,0,0,0,0,0,0,0,0,0,0,0,0,0,0,0,0,0,0,0,0,0,0,0,0,0,0,0,0,0,0,0,0,0,0,0,0,0,0,0,0,0,0,0,0,0,0,0,0,0,0,0,0,0,0,0,0,0,0,0,0,0,0,0,0,0,0,0,0,4,0,4,0,0,0,0,4,0,0,4,4,4,4,4,0,0,0,0,0,0,0,0,0,0,0,0,0,0,0,0,0,0,0,0,0,0,0,0,0,0,0,0,0,0,0,0,0,0,0,0,0,0,0,44,2984175.75,8.880174031304959
28,Iowa,2401,4,0,0,0,0,0,0,0,0,0,0,0,0,0,0,0,0,0,0,0,0,0,0,0,0,0,0,0,0,4,0,0,4,0,0,0,0,0,0,4,4,0,0,4,0,0,0,4,4,0,0,0,0,0,4,4,0,0,0,0,4,0,0,0,0,0,0,0,0,0,0,0,0,0,0,0,0,0,0,0,0,0,4,0,0,0,0,4,0,0,4,4,4,4,3,0,0,0,0,0,0,0,4,0,0,0,4,0,0,4,0,0,0,4,0,4,0,0,0,0,0,0,4,0,0,0,4,0,0,0,0,0,0,0,99,3125807.75,7.681214559660619
29,Arizona,2177,4,4,4,4,0,0,0,0,0,0,0,0,0,0,0,0,0,0,0,0,0,0,0,0,0,0,0,0,0,0,0,0,0,0,0,0,0,0,0,0,0,0,0,0,4,0,0,0,0,0,0,0,0,0,0,0,0,0,0,0,0,0,0,0,0,0,0,0,0,0,0,0,0,0,0,0,0,0,0,0,0,0,0,0,0,0,0,0,0,0,0,0,0,0,0,0,0,0,0,0,0,0,0,0,0,0,0,0,0,0,0,0,0,4,4,0,0,0,0,0,0,0,0,0,0,0,0,0,0,0,0,0,0,4,32,6886292.25,3.1613529036616184
30,Oregon,2147,4,4,3,4,0,0,0,0,0,0,4,0,0,3,3,4,4,3,3,4,4,4,0,0,0,0,0,0,0,0,4,0,0,0,0,0,0,0,0,0,4,0,0,0,0,0,0,0,0,3,3,4,4,3,3,4,0,0,4,4,4,0,0,0,0,0,0,0,0,0,0,0,0,0,0,0,0,0,0,0,4,0,0,0,0,0,0,4,0,0,4,0,4,4,4,0,0,0,0,0,0,0,0,0,0,0,0,0,0,4,0,0,0,2,0,0,0,0,0,0,0,0,2,0,0,0,0,0,0,0,0,0,0,0,127,4053159.25,5.297102500968843
31,Minnesota,2087,4,4,0,4,4,4,0,0,0,0,4,0,0,0,0,0,0,0,0,0,0,0,0,0,4,0,0,0,0,0,0,0,0,0,0,0,0,0,0,0,0,0,0,0,0,0,0,0,0,0,0,0,0,0,0,0,0,0,0,0,0,0,4,0,0,0,0,0,0,0,0,0,0,3,3,0,0,0,0,0,0,0,4,0,0,4,4,4,0,0,4,4,4,4,4,0,0,0,0,0,4,4,4,0,4,4,4,4,0,4,0,0,0,4,4,4,4,4,4,4,0,0,4,4,0,0,4,4,4,0,0,0,4,4,162,5505521.25,3.790740068435845
32,Kansas,1992,4,4,0,4,0,4,0,0,0,0,0,0,0,0,0,0,0,0,0,0,0,0,0,0,0,0,0,0,0,0,0,0,0,0,0,0,0,0,0,0,0,0,0,0,0,0,0,0,0,0,0,0,0,0,0,0,0,0,0,0,0,0,0,0,0,0,0,0,0,0,0,0,0,0,0,0,0,0,0,0,0,0,0,0,0,0,0,1,0,0,1,0,1,1,0,0,0,0,0,0,0,0,0,0,0,0,0,0,0,0,0,0,0,0,0,0,0,0,0,0,0,0,0,0,0,0,0,0,0,0,0,0,0,0,20,2907262.0,6.851807645819331
33,Nevada,1841,4,4,4,3,3,0,0,0,0,0,0,0,0,0,0,0,0,0,0,0,0,0,0,0,0,0,0,0,0,0,0,0,0,0,0,0,0,0,4,0,0,0,0,0,4,0,0,0,0,1,1,1,1,1,1,0,0,0,0,0,0,0,0,0,0,0,0,0,0,0,0,0,0,0,0,0,0,0,0,0,0,0,4,0,0,0,0,4,0,0,4,4,4,4,0,0,0,0,0,0,0,0,0,0,0,0,0,0,0,0,0,0,0,3,0,0,0,0,0,0,0,0,3,0,0,0,0,0,0,0,0,0,0,0,62,2893008.75,6.363617116609135
34,Delaware,1576,4,4,4,0,4,0,0,0,0,0,4,0,4,4,4,4,4,0,0,0,0,0,0,0,0,0,0,0,0,0,0,0,0,0,0,0,0,0,4,4,0,0,0,0,0,0,4,0,0,4,4,4,4,4,4,4,0,2,4,0,0,0,0,0,0,0,0,0,0,0,0,0,0,4,4,0,0,0,0,0,0,0,4,0,0,0,0,4,4,4,4,0,0,0,4,0,0,0,0,0,0,0,4,0,4,4,4,0,0,0,0,0,0,4,1,0,0,0,0,0,0,0,4,4,0,0,0,0,0,0,0,0,0,4,151,944870.75,16.67952997804197
35,New Mexico,1562,4,0,0,0,0,0,0,0,0,0,0,0,0,0,0,0,0,0,0,0,0,0,0,0,0,0,0,0,0,0,0,0,0,0,0,0,0,0,0,0,0,0,0,0,0,0,0,0,0,0,0,0,0,0,0,0,0,0,0,0,0,0,0,0,0,0,0,0,0,0,0,0,0,0,0,0,0,0,0,0,4,4,4,0,0,0,0,4,0,0,4,0,4,4,4,0,0,0,0,0,0,0,0,0,0,0,0,0,0,4,0,0,0,0,0,0,0,0,0,0,0,0,0,0,0,0,0,0,0,0,0,0,0,0,40,2090568.25,7.471652743219457
36,Nebraska,1541,4,0,0,0,0,0,0,0,0,0,0,0,0,0,0,0,0,0,0,0,0,0,0,0,0,0,0,0,0,4,0,0,4,0,0,0,0,0,0,4,0,0,0,0,0,0,0,0,0,0,0,0,0,0,4,0,0,0,0,0,4,0,0,0,0,0,0,0,0,0,0,0,0,0,4,0,0,0,0,0,4,4,4,0,0,0,0,4,0,0,4,4,4,4,4,0,0,0,0,0,0,0,0,0,0,0,0,0,0,4,0,4,4,4,4,0,0,0,0,0,4,0,0,0,0,0,0,0,0,0,0,0,0,0,88,1898040.25,8.118900534380133
37,West Virginia,1493,4,4,4,4,0,0,4,0,0,0,4,0,0,0,0,0,0,0,0,0,0,0,0,0,4,0,0,0,0,0,0,0,0,0,0,0,0,0,0,4,4,0,0,0,0,0,0,4,4,0,0,0,0,0,0,0,0,0,0,0,0,0,0,0,0,0,0,0,0,0,0,0,0,0,0,0,0,0,0,0,0,0,2,0,0,0,0,2,0,0,2,2,2,2,0,0,0,0,0,0,0,0,0,0,0,0,0,0,0,0,0,0,0,4,4,0,0,0,0,0,4,0,4,4,4,4,0,0,0,0,0,0,0,0,84,1834891.5,8.13672089058127
38,Alaska,1288,4,0,0,0,0,0,0,0,0,0,0,0,0,0,0,0,0,0,0,0,0,0,0,0,0,0,0,0,0,0,0,0,0,0,0,0,0,0,0,0,4,0,0,0,0,0,0,0,0,0,0,0,0,0,0,0,0,0,0,0,0,0,0,0,0,0,0,0,0,0,0,0,0,0,0,0,0,0,0,0,0,0,4,0,0,0,0,0,0,0,0,0,0,0,0,0,0,0,0,0,0,0,0,0,0,0,0,0,0,0,0,0,0,0,0,0,0,0,0,0,0,0,0,0,0,0,0,0,0,0,0,0,0,0,12,738734.25,17.435227891491426
39,Utah,1015,4,4,0,4,0,0,0,0,0,0,0,0,0,0,0,0,0,0,0,0,0,0,0,0,0,0,0,0,0,0,0,0,0,0,0,0,0,0,0,0,0,0,0,0,0,0,0,0,0,0,0,0,0,0,0,0,0,0,0,0,0,0,0,0,0,0,0,0,0,0,0,0,0,4,4,0,0,0,0,0,0,0,0,0,0,4,4,4,0,0,4,0,4,0,0,0,0,0,0,0,0,0,0,0,0,0,0,0,0,0,0,0,0,1,0,0,0,0,0,0,4,0,1,0,0,0,0,0,0,0,0,0,0,0,46,3015406.0,3.3660475571117123
40,New Hampshire,917,0,0,0,0,0,0,0,0,0,0,0,0,4,0,0,0,0,0,0,0,0,0,0,0,0,0,0,0,0,0,0,0,0,0,0,0,0,0,0,0,0,0,0,0,0,0,0,0,0,0,0,0,0,0,0,0,0,0,0,0,0,0,0,0,0,0,0,0,0,0,0,0,0,0,0,0,0,0,0,0,0,0,0,0,0,0,0,3,0,0,0,0,0,0,0,0,0,0,0,0,0,0,4,0,0,4,4,0,0,0,0,0,0,0,0,0,0,0,0,0,0,0,4,4,0,0,4,4,4,0,0,0,0,0,39,1340196.25,6.842281494221462
41,Maine,849,4,4,0,4,0,0,0,0,0,0,4,0,0,0,0,4,4,0,0,0,0,0,0,0,0,0,0,0,0,0,0,0,0,0,0,0,0,0,0,0,0,0,0,0,0,0,0,0,0,0,0,0,0,0,0,0,0,0,0,0,0,0,0,0,0,0,0,0,0,0,0,0,0,0,0,0,0,0,0,0,0,0,4,0,0,0,0,1,0,0,0,0,0,1,4,0,0,0,0,0,0,0,0,0,0,0,0,0,0,0,0,0,0,3,3,0,0,0,0,0,0,0,4,0,0,0,0,0,0,0,0,0,0,0,44,1331176.0,6.377819311646244
42,Rhode Island,843,0,4,4,4,0,0,0,0,0,0,0,4,4,4,4,4,4,0,0,0,0,0,0,0,4,4,0,0,4,4,0,4,4,0,0,0,0,0,0,4,4,0,0,4,4,0,4,4,0,4,4,4,4,4,4,0,0,4,0,4,4,4,4,0,0,0,0,0,0,0,0,0,0,0,0,0,0,0,0,0,0,0,0,0,0,4,0,4,4,4,0,0,0,0,4,0,4,0,0,0,0,0,4,0,0,4,4,0,0,4,0,0,0,1,1,1,1,1,0,0,0,0,1,1,0,0,1,1,1,0,0,0,0,0,178,1056111.0,7.982115516266756
43,Idaho,610,0,0,0,0,0,0,0,0,0,0,0,0,0,0,0,0,0,0,0,0,0,0,0,0,0,0,0,0,0,0,0,0,0,0,0,0,0,0,0,0,0,0,0,0,0,0,0,0,0,0,0,0,0,0,0,0,0,0,0,0,0,0,0,0,0,0,0,0,0,0,0,0,0,0,0,0,0,0,0,0,0,0,4,0,0,0,0,2,0,0,2,1,0,2,4,0,0,0,0,0,0,0,0,0,0,0,0,0,0,0,0,0,0,0,0,0,0,0,0,0,0,0,0,0,0,0,0,0,0,0,0,0,0,0,15,1670566.5,3.6514559582034
44,Montana,597,0,0,0,0,0,0,0,0,0,0,0,0,0,0,0,0,0,0,0,0,0,0,0,0,0,0,0,0,0,0,0,0,0,0,0,0,0,0,0,0,0,0,0,0,0,0,0,0,0,0,0,0,0,0,0,0,0,0,0,0,0,0,0,0,0,0,0,0,0,0,0,0,0,0,0,0,0,0,0,0,0,0,4,0,0,0,0,4,0,0,4,0,0,0,0,0,0,0,0,0,0,0,0,0,0,0,0,0,0,0,0,0,0,0,0,0,0,0,0,0,4,0,0,0,0,0,0,0,0,0,0,0,0,0,16,1036421.25,5.760206093805969
45,North Dakota,542,4,4,0,4,0,4,0,0,0,0,4,0,0,0,0,0,0,0,0,0,0,0,0,0,0,0,0,0,0,0,0,0,0,0,0,0,0,0,0,0,0,0,0,0,0,0,0,0,0,0,0,0,0,0,0,0,0,0,0,0,0,0,0,0,0,0,0,0,0,0,0,0,0,4,4,0,0,0,0,0,0,0,4,0,0,4,0,3,0,0,3,3,3,0,4,0,0,0,0,0,0,0,0,0,0,0,0,0,0,0,0,0,0,0,0,0,0,0,0,0,0,0,0,0,0,0,0,0,0,0,0,0,0,0,52,750210.75,7.2246365437978595
46,South Dakota,518,0,0,0,0,0,0,0,0,0,0,4,0,0,0,0,0,0,0,0,0,0,0,0,0,0,0,0,0,0,0,0,0,0,0,0,0,0,0,0,0,0,0,0,0,0,0,0,0,0,0,0,0,0,0,0,0,0,0,0,0,0,0,0,0,0,0,0,0,0,0,0,0,0,0,0,0,0,0,0,0,0,0,0,0,0,0,0,4,0,0,4,0,4,0,0,0,0,0,0,0,0,0,0,0,0,0,0,0,0,0,0,0,0,4,0,0,0,0,0,0,0,0,0,0,0,0,0,0,0,0,0,0,0,0,20,859745.25,6.025040557071993
47,Wyoming,480,4,0,0,0,0,0,0,0,0,0,0,0,0,0,0,0,0,0,0,0,0,0,0,0,0,0,0,0,0,0,0,0,0,0,0,0,0,0,0,4,4,0,0,0,0,0,0,0,0,0,0,0,0,0,0,0,0,0,0,0,0,0,0,0,0,0,0,0,0,0,0,0,0,0,0,0,0,0,0,0,4,4,4,0,0,0,0,0,0,0,0,0,0,0,4,0,0,0,0,0,0,0,0,0,0,0,0,0,0,4,0,0,0,0,0,0,0,0,0,0,0,0,0,0,0,0,0,0,0,0,0,0,0,0,32,582822.5,8.235783621943217
48,Vermont,452,0,0,0,0,0,0,0,0,0,0,0,0,0,0,0,0,4,0,0,0,0,0,0,0,0,0,0,0,0,0,0,0,0,0,0,0,0,0,0,0,0,0,0,0,0,0,0,0,0,0,0,0,0,0,0,0,0,0,0,0,0,0,0,0,0,0,0,0,0,0,0,0,0,0,0,0,0,0,0,0,0,0,0,0,0,0,0,0,0,0,0,0,0,0,4,0,0,0,0,0,0,0,0,0,0,0,0,0,0,4,0,0,0,3,3,0,0,0,0,0,0,0,0,0,0,0,0,0,0,0,0,0,0,3,21,624607.75,7.236541653541763
49,Hawaii,270,4,4,4,4,4,4,0,4,4,4,4,4,4,0,0,0,0,4,4,4,4,4,0,0,0,0,0,0,4,4,4,4,4,4,4,4,4,0,4,4,4,4,4,4,4,0,0,0,0,0,0,0,0,4,4,4,0,4,0,4,4,4,4,0,0,0,0,0,0,0,0,0,0,0,0,0,0,0,0,0,0,0,0,0,4,4,4,4,4,4,4,4,4,0,4,0,0,0,0,0,0,4,4,4,0,4,4,4,0,4,4,4,4,4,4,4,4,4,4,0,4,0,4,4,4,4,4,4,4,4,4,4,0,2,314,1422135.5,1.8985532672519603
